{
  "auth": {
    "forwardslashb8b51a1a": {
      "service": "Cognito",
      "providerPlugin": "awscloudformation",
      "dependsOn": [],
      "customAuth": false
    }
  },
  "api": {
    "todo": {
      "service": "AppSync",
      "providerPlugin": "awscloudformation",
      "output": {
        "authConfig": {
          "defaultAuthentication": {
            "authenticationType": "AMAZON_COGNITO_USER_POOLS",
            "userPoolConfig": {
              "userPoolId": "authforwardslashb8b51a1a"
            }
          },
          "additionalAuthenticationProviders": []
        }
      }
    }
  },
  "hosting": {
    "amplifyhosting": {
      "service": "amplifyhosting",
      "type": "cicd",
      "lastPushTimeStamp": "2021-03-31T07:05:01.600Z"
    }
  },
  "function": {
    "AdminQueries7641bc8b": {
      "service": "Lambda",
      "providerPlugin": "awscloudformation",
      "build": true,
      "dependsOn": [
        {
          "category": "auth",
          "resourceName": "forwardslashb8b51a1a",
          "attributes": [
            "UserPoolId"
          ]
        }
      ]
    }
  }
}