{
  "version": "1",
  "cognitoConfig": {
    "identityPoolName": "fsIdentityPool",
    "allowUnauthenticatedIdentities": true,
    "resourceNameTruncated": "fstest9ae96471",
    "userPoolName": "fsUserPool",
    "autoVerifiedAttributes": [
      "email"
    ],
    "mfaConfiguration": "OPTIONAL",
    "mfaTypes": [
      "SMS Text Message",
      "TOTP"
    ],
    "smsAuthenticationMessage": "Your authentication code is {####}",
    "smsVerificationMessage": "Your verification code is {####}",
    "emailVerificationSubject": "Forwardslash Account Verification",
    "emailVerificationMessage": "Hi,<br><br>We are excited for your first step to control your productivity.First you need to confirm your account.<br><br>Your verification code is {####}<br><br>If you have any questions please let us know.<br>Regards,<br><br>The Team<br>Giving Focus to Your Work",
    "defaultPasswordPolicy": false,
    "passwordPolicyMinLength": "8",
    "passwordPolicyCharacters": [
      "Requires Lowercase",
      "Requires Uppercase",
      "Requires Numbers",
      "Requires Symbols"
    ],
    "requiredAttributes": [
      "email",
      "family_name",
      "given_name",
      "phone_number"
    ],
    "aliasAttributes": [],
    "userpoolClientGenerateSecret": false,
    "userpoolClientRefreshTokenValidity": "30",
    "userpoolClientWriteAttributes": [
      "picture",
      "email",
      "family_name",
      "given_name",
      "phone_number"
    ],
    "userpoolClientReadAttributes": [
      "email",
      "family_name",
      "given_name",
      "phone_number",
      "picture"
    ],
    "userpoolClientLambdaRole": "fsCogn9ae96471_userpoolclient_lambda_role",
    "userpoolClientSetAttributes": true,
    "authSelections": "identityPoolAndUserPool",
    "resourceName": "fsCognito",
    "serviceName": "Cognito",
    "useDefault": "manual",
    "sharedId": "9ae96471",
    "userPoolGroupList": [
      "free",
      "pro"
    ],
    "userPoolGroups": true,
    "triggers": {
      "PostConfirmation": [
        "add-to-group"
      ]
    },
    "authRoleArn": {
      "Fn::GetAtt": [
        "AuthRole",
        "Arn"
      ]
    },
    "unauthRoleArn": {
      "Fn::GetAtt": [
        "UnauthRole",
        "Arn"
      ]
    },
    "breakCircularDependency": false,
    "useEnabledMfas": false,
    "dependsOn": [
      {
        "category": "function",
        "resourceName": "fsCognitoPostConfirmation",
        "triggerProvider": "Cognito",
        "attributes": [
          "Arn",
          "Name"
        ]
      }
    ],
    "permissions": [
      "{\n  \"policyName\": \"AddToGroupCognito\",\n  \"trigger\": \"PostConfirmation\",\n  \"effect\": \"Allow\",\n  \"actions\": [\n    \"cognito-idp:AdminAddUserToGroup\",\n    \"cognito-idp:GetGroup\",\n    \"cognito-idp:CreateGroup\"\n  ],\n  \"resource\": {\n    \"paramType\": \"!GetAtt\",\n    \"keys\": [\n      \"UserPool\",\n      \"Arn\"\n    ]\n  }\n}"
    ],
    "authTriggerConnections": [
      "{\"triggerType\":\"PostConfirmation\",\"lambdaFunctionName\":\"fsCognitoPostConfirmation\"}"
    ],
    "thirdPartyAuth": false,
    "adminQueries": false,
    "hostedUI": false,
    "authProviders": [],
    "parentStack": {
      "Ref": "AWS::StackId"
    }
  }
}