{
    "identityPoolName": "forwardslashb8b51a1a_identitypool_b8b51a1a",
    "allowUnauthenticatedIdentities": false,
    "resourceNameTruncated": "forwarb8b51a1a",
    "userPoolName": "forwardslashb8b51a1a_userpool_b8b51a1a",
    "autoVerifiedAttributes": [
        "email"
    ],
    "mfaConfiguration": "OFF",
    "mfaTypes": [
        "SMS Text Message"
    ],
    "smsAuthenticationMessage": "Your authentication code is {####}",
    "smsVerificationMessage": "Your verification code is {####}",
    "emailVerificationSubject": "Forwardslash Authentication Code",
    "emailVerificationMessage": "Your verification code is {####}",
    "defaultPasswordPolicy": false,
    "passwordPolicyMinLength": 8,
    "passwordPolicyCharacters": [],
    "requiredAttributes": [
        "email"
    ],
    "userpoolClientGenerateSecret": false,
    "userpoolClientRefreshTokenValidity": "30",
    "userpoolClientWriteAttributes": [
        "email"
    ],
    "userpoolClientReadAttributes": [
        "email"
    ],
    "userpoolClientLambdaRole": "forwarb8b51a1a_userpoolclient_lambda_role",
    "userpoolClientSetAttributes": false,
    "sharedId": "b8b51a1a",
    "resourceName": "forwardslashb8b51a1a",
    "authSelections": "identityPoolAndUserPool",
    "authRoleArn": {
        "Fn::GetAtt": [
            "AuthRole",
            "Arn"
        ]
    },
    "unauthRoleArn": {
        "Fn::GetAtt": [
            "UnauthRole",
            "Arn"
        ]
    },
    "useDefault": "manual",
    "hostedUI": true,
    "usernameAttributes": [
        "email"
    ],
    "triggers": "{}",
    "userPoolGroupList": [
        "forwardslash"
    ],
    "serviceName": "Cognito",
    "usernameCaseSensitive": false,
    "parentStack": {
        "Ref": "AWS::StackId"
    },
    "permissions": [],
    "dependsOn": [],
    "hostedUIDomainName": "forwardslashc5dd4dd3-c5dd4dd3",
    "authProvidersUserPool": [],
    "hostedUIProviderMeta": "[]",
    "authProviders": [],
    "thirdPartyAuth": false,
    "userPoolGroups": true,
    "adminQueries": true,
    "oAuthMetadata": "{\"AllowedOAuthFlows\":[\"code\"],\"AllowedOAuthScopes\":[\"phone\",\"email\",\"openid\",\"profile\",\"aws.cognito.signin.user.admin\"],\"CallbackURLs\":[\"https://forwardslash.ch/\"],\"LogoutURLs\":[\"https://forwardslash.ch/\"]}",
    "adminQueryGroup": "forwardslash"
}