{
  "AWSTemplateFormatVersion": "2010-09-09",
  "Description": "Lambda Function resource stack creation using Amplify CLI",
  "Parameters": {
    "CloudWatchRule": {
      "Type": "String",
      "Default": "NONE",
      "Description": " Schedule Expression"
    },
    "deploymentBucketName": {
      "Type": "String"
    },
    "env": {
      "Type": "String"
    },
    "s3Key": {
      "Type": "String"
    },
    "apifsCoreAPIGraphQLAPIIdOutput": {
      "Type": "String",
      "Default": "apifsCoreAPIGraphQLAPIIdOutput"
    },
    "apifsCoreAPIGraphQLAPIEndpointOutput": {
      "Type": "String",
      "Default": "apifsCoreAPIGraphQLAPIEndpointOutput"
    },
    "authfsCognitoUserPoolId": {
      "Type": "String",
      "Default": "authfsCognitoUserPoolId"
    }
  },
  "Conditions": {
    "ShouldNotCreateEnvResources": {
      "Fn::Equals": [
        {
          "Ref": "env"
        },
        "NONE"
      ]
    }
  },
  "Resources": {
    "LambdaFunction": {
      "Type": "AWS::Lambda::Function",
      "Metadata": {
        "aws:asset:path": "./src",
        "aws:asset:property": "Code"
      },
      "Properties": {
        "Code": {
          "S3Bucket": {
            "Ref": "deploymentBucketName"
          },
          "S3Key": {
            "Ref": "s3Key"
          }
        },
        "Handler": "index.handler",
        "FunctionName": {
          "Fn::If": [
            "ShouldNotCreateEnvResources",
            "fsCoreApiResolver",
            {
              "Fn::Join": [
                "",
                [
                  "fsCoreApiResolver",
                  "-",
                  {
                    "Ref": "env"
                  }
                ]
              ]
            }
          ]
        },
        "Environment": {
          "Variables": {
            "ENV": {
              "Ref": "env"
            },
            "REGION": {
              "Ref": "AWS::Region"
            },
            "API_FSCOREAPI_GRAPHQLAPIIDOUTPUT": {
              "Ref": "apifsCoreAPIGraphQLAPIIdOutput"
            },
            "API_FSCOREAPI_GRAPHQLAPIENDPOINTOUTPUT": {
              "Ref": "apifsCoreAPIGraphQLAPIEndpointOutput"
            },
            "AUTH_FSCOGNITO_USERPOOLID": {
              "Ref": "authfsCognitoUserPoolId"
            }
          }
        },
        "Role": {
          "Fn::GetAtt": [
            "LambdaExecutionRole",
            "Arn"
          ]
        },
        "Runtime": "nodejs14.x",
        "Layers": [],
        "Timeout": 25
      }
    },
    "LambdaExecutionRole": {
      "Type": "AWS::IAM::Role",
      "Properties": {
        "RoleName": {
          "Fn::If": [
            "ShouldNotCreateEnvResources",
            "forwardslashLambdaRole938a46e0",
            {
              "Fn::Join": [
                "",
                [
                  "forwardslashLambdaRole938a46e0",
                  "-",
                  {
                    "Ref": "env"
                  }
                ]
              ]
            }
          ]
        },
        "AssumeRolePolicyDocument": {
          "Version": "2012-10-17",
          "Statement": [
            {
              "Effect": "Allow",
              "Principal": {
                "Service": [
                  "lambda.amazonaws.com"
                ]
              },
              "Action": [
                "sts:AssumeRole"
              ]
            }
          ]
        }
      }
    },
    "lambdaexecutionpolicy": {
      "DependsOn": [
        "LambdaExecutionRole"
      ],
      "Type": "AWS::IAM::Policy",
      "Properties": {
        "PolicyName": "lambda-execution-policy",
        "Roles": [
          {
            "Ref": "LambdaExecutionRole"
          }
        ],
        "PolicyDocument": {
          "Version": "2012-10-17",
          "Statement": [
            {
              "Effect": "Allow",
              "Action": [
                "logs:CreateLogGroup",
                "logs:CreateLogStream",
                "logs:PutLogEvents"
              ],
              "Resource": {
                "Fn::Sub": [
                  "arn:aws:logs:${region}:${account}:log-group:/aws/lambda/${lambda}:log-stream:*",
                  {
                    "region": {
                      "Ref": "AWS::Region"
                    },
                    "account": {
                      "Ref": "AWS::AccountId"
                    },
                    "lambda": {
                      "Ref": "LambdaFunction"
                    }
                  }
                ]
              }
            }
          ]
        }
      }
    },
    "AmplifyResourcesPolicy": {
      "DependsOn": [
        "LambdaExecutionRole"
      ],
      "Type": "AWS::IAM::Policy",
      "Properties": {
        "PolicyName": "amplify-lambda-execution-policy",
        "Roles": [
          {
            "Ref": "LambdaExecutionRole"
          }
        ],
        "PolicyDocument": {
          "Version": "2012-10-17",
          "Statement": [
            {
              "Effect": "Allow",
              "Action": [
                "appsync:Create*",
                "appsync:StartSchemaCreation",
                "appsync:GraphQL",
                "appsync:Get*",
                "appsync:List*",
                "appsync:Update*",
                "appsync:Delete*"
              ],
              "Resource": [
                {
                  "Fn::Join": [
                    "",
                    [
                      "arn:aws:appsync:",
                      {
                        "Ref": "AWS::Region"
                      },
                      ":",
                      {
                        "Ref": "AWS::AccountId"
                      },
                      ":apis/",
                      {
                        "Ref": "apifsCoreAPIGraphQLAPIIdOutput"
                      },
                      "/*"
                    ]
                  ]
                },
                {
                  "Fn::Join": [
                    "",
                    [
                      "arn:aws:appsync:",
                      {
                        "Ref": "AWS::Region"
                      },
                      ":",
                      {
                        "Ref": "AWS::AccountId"
                      },
                      ":apis/",
                      {
                        "Ref": "apifsCoreAPIGraphQLAPIIdOutput"
                      }
                    ]
                  ]
                }
              ]
            },
            {
              "Effect": "Allow",
              "Action": [
                "cognito-idp:ConfirmSignUp",
                "cognito-idp:AdminCreateUser",
                "cognito-idp:CreateUserImportJob",
                "cognito-idp:AdminSetUserSettings",
                "cognito-idp:AdminLinkProviderForUser",
                "cognito-idp:CreateIdentityProvider",
                "cognito-idp:AdminConfirmSignUp",
                "cognito-idp:AdminDisableUser",
                "cognito-idp:AdminRemoveUserFromGroup",
                "cognito-idp:SetUserMFAPreference",
                "cognito-idp:SetUICustomization",
                "cognito-idp:SignUp",
                "cognito-idp:VerifyUserAttribute",
                "cognito-idp:SetRiskConfiguration",
                "cognito-idp:StartUserImportJob",
                "cognito-idp:AdminSetUserPassword",
                "cognito-idp:AssociateSoftwareToken",
                "cognito-idp:CreateResourceServer",
                "cognito-idp:RespondToAuthChallenge",
                "cognito-idp:CreateUserPoolClient",
                "cognito-idp:AdminUserGlobalSignOut",
                "cognito-idp:GlobalSignOut",
                "cognito-idp:AddCustomAttributes",
                "cognito-idp:CreateGroup",
                "cognito-idp:CreateUserPool",
                "cognito-idp:AdminForgetDevice",
                "cognito-idp:AdminAddUserToGroup",
                "cognito-idp:AdminRespondToAuthChallenge",
                "cognito-idp:ForgetDevice",
                "cognito-idp:CreateUserPoolDomain",
                "cognito-idp:AdminEnableUser",
                "cognito-idp:AdminUpdateDeviceStatus",
                "cognito-idp:StopUserImportJob",
                "cognito-idp:InitiateAuth",
                "cognito-idp:AdminInitiateAuth",
                "cognito-idp:AdminSetUserMFAPreference",
                "cognito-idp:ConfirmForgotPassword",
                "cognito-idp:SetUserSettings",
                "cognito-idp:VerifySoftwareToken",
                "cognito-idp:AdminDisableProviderForUser",
                "cognito-idp:SetUserPoolMfaConfig",
                "cognito-idp:ChangePassword",
                "cognito-idp:ConfirmDevice",
                "cognito-idp:AdminResetUserPassword",
                "cognito-idp:ResendConfirmationCode",
                "cognito-identity:Describe*",
                "cognito-identity:Get*",
                "cognito-identity:List*",
                "cognito-idp:Describe*",
                "cognito-idp:AdminGetDevice",
                "cognito-idp:AdminGetUser",
                "cognito-idp:AdminList*",
                "cognito-idp:List*",
                "cognito-sync:Describe*",
                "cognito-sync:Get*",
                "cognito-sync:List*",
                "iam:ListOpenIdConnectProviders",
                "iam:ListRoles",
                "sns:ListPlatformApplications",
                "cognito-idp:ForgotPassword",
                "cognito-idp:UpdateAuthEventFeedback",
                "cognito-idp:UpdateResourceServer",
                "cognito-idp:UpdateUserPoolClient",
                "cognito-idp:AdminUpdateUserAttributes",
                "cognito-idp:UpdateUserAttributes",
                "cognito-idp:UpdateUserPoolDomain",
                "cognito-idp:UpdateIdentityProvider",
                "cognito-idp:UpdateGroup",
                "cognito-idp:AdminUpdateAuthEventFeedback",
                "cognito-idp:UpdateDeviceStatus",
                "cognito-idp:UpdateUserPool",
                "cognito-idp:DeleteUserPoolDomain",
                "cognito-idp:DeleteResourceServer",
                "cognito-idp:DeleteGroup",
                "cognito-idp:AdminDeleteUserAttributes",
                "cognito-idp:DeleteUserPoolClient",
                "cognito-idp:DeleteUserAttributes",
                "cognito-idp:DeleteUserPool",
                "cognito-idp:AdminDeleteUser",
                "cognito-idp:DeleteIdentityProvider",
                "cognito-idp:DeleteUser"
              ],
              "Resource": [
                {
                  "Fn::Join": [
                    "",
                    [
                      "arn:aws:cognito-idp:",
                      {
                        "Ref": "AWS::Region"
                      },
                      ":",
                      {
                        "Ref": "AWS::AccountId"
                      },
                      ":userpool/",
                      {
                        "Ref": "authfsCognitoUserPoolId"
                      }
                    ]
                  ]
                }
              ]
            },
            {
              "Effect": "Allow",
              "Action": [
                "s3:*",
                "s3-object-lambda:*"
              ],
              "Resource": [
                "arn:aws:s3:::fs-attachments",
                "arn:aws:s3:::fs-attachments/*"
              ]
            }
          ]
        }
      }
    }
  },
  "Outputs": {
    "Name": {
      "Value": {
        "Ref": "LambdaFunction"
      }
    },
    "Arn": {
      "Value": {
        "Fn::GetAtt": [
          "LambdaFunction",
          "Arn"
        ]
      }
    },
    "Region": {
      "Value": {
        "Ref": "AWS::Region"
      }
    },
    "LambdaExecutionRole": {
      "Value": {
        "Ref": "LambdaExecutionRole"
      }
    }
  }
}