{
  "experiment": {
    "awscloudformation": {
      "AuthRoleName": "amplify-fs-experiment-115527-authRole",
      "UnauthRoleArn": "arn:aws:iam::026152918307:role/amplify-fs-experiment-115527-unauthRole",
      "AuthRoleArn": "arn:aws:iam::026152918307:role/amplify-fs-experiment-115527-authRole",
      "Region": "us-east-1",
      "DeploymentBucketName": "amplify-fs-experiment-115527-deployment",
      "UnauthRoleName": "amplify-fs-experiment-115527-unauthRole",
      "StackName": "amplify-fs-experiment-115527",
      "StackId": "arn:aws:cloudformation:us-east-1:026152918307:stack/amplify-fs-experiment-115527/245cb470-f58a-11ec-98a3-12031e9b437d",
      "AmplifyAppId": "d2ixad7dedjidg"
    },
    "categories": {
      "auth": {
        "userPoolGroups": {},
        "fsCognito": {}
      },
      "function": {
        "fsDailyReport": {
          "deploymentBucketName": "amplify-fs-experiment-115527-deployment",
          "s3Key": "amplify-builds/fsDailyReport-7934642b415473725775-build.zip"
        },
        "fsCoreApiResolver": {
          "deploymentBucketName": "amplify-fs-experiment-115527-deployment",
          "s3Key": "amplify-builds/fsCoreApiResolver-457a6f447156566d7666-build.zip"
        },
        "fsCognitoPreAuthentication": {},
        "fsCognitoPostConfirmation": {
          "GROUP": "free",
          "deploymentBucketName": "amplify-fs-experiment-115527-deployment",
          "s3Key": "amplify-builds/fsCognitoPostConfirmation-7770325a697569366e6f-build.zip"
        }
      },
      "hosting": {
        "amplifyhosting": {
          "appId": "d2ixad7dedjidg",
          "type": "manual"
        }
      },
      "storage": {
        "forwardslash9f6e4158": {
          "bucketName": "fs-attachments",
          "region": "us-east-1"
        }
      }
    }
  }
}